leftid,rightid,region,note
992646,15599768,,
1622901,6156152,,
1646076,10276161,,
1678567,6153877,,
1679034,14374534,,
1924051,17698681,,
1961182,9177218,,
2142817,17415439,,
2204467,2512602,,
2369444,10119916,,
2379544,10681487,,
2438653,10627239,,
2439067,3814853,,
2439134,4099900,,
2439150,11851588,,
2568465,10167078,,
2597151,3158085,,
2612527,4391978,,
2628785,4311586,,
2652641,12882179,,
2797480,13713529,,
2964760,10855798,,
2966602,12704069,,
2979486,9585145,,
2979675,7422253,,
2988292,19046339,,
3043970,16181130,,
3044500,6317793,,
3046503,2355126,,
3048606,3009700,,
3060480,17380080,,
3061422,3272218,,
3157405,8752697,,
3158123,15225589,,
3281684,15202263,,
3414508,3498479,,
3450442,4700078,,
3486381,8244723,,
3486867,5478818,,
3539170,8159396,,
3543931,13795090,,
3650006,15829660,,
3729496,3762317,,
3814651,15732471,,
3814701,9761454,,
3819859,4127944,,
3820148,2920554,,
3886356,5966099,,
3925724,5955853,,
3926438,3727004,,
3926669,3727026,,
3926904,7529574,,
3928522,16434842,,
3928574,5890323,,
3928652,12704360,,
3931398,3793760,,
3944330,15732050,,
3944626,16195633,,
3945136,13948718,,
3945225,3793681,,
3945232,9841469,,
3945246,19271710,,
3945394,3729504,,
3945454,11637003,,
3945756,8566140,,
3946166,3620633,,
3946364,6133702,,
3946432,2935173,,
3946569,8813113,,
3979181,5794678,,
4108016,3002410,,
4110483,17587726,,
4117305,16720240,KC,
16631114,9556700,KC,
4154421,3690921,,
4188290,5010581,,
4260935,3756659,,
4274518,19156025,,
4279887,10293348,,
4324479,19950281,,
4324567,15732509,,
4354933,14604028,,
4379508,3794023,,
4379603,8307514,,
4381129,15404207,,
4381377,10673895,,
4391317,11826171,,
4393026,16131474,,
4398543,17380092,,
4400767,13751194,,
4401350,4598363,,
4408362,4721087,,
4408369,16758011,,
4408397,4199033,,
4409374,4234559,,
12726582,4415241,KC multi,
6704232,8559607,KC multi,
16939375,8924186,KC multi,
4412315,3347708,KC,
4414163,4414184,,
4422289,11605861,,
4433197,15668497,,
4433960,13806524,,
4453485,2283495,,
4493199,8244823,,
4506509,2852273,,
4523584,2659386,,
4523803,13793212,,
4570270,2921933,,
4607160,9287199,,
4635057,7971031,,
4636432,9808146,,
4637677,17913185,,
4664256,17326218,,
4665186,17671219,,
4680995,17806341,,
4721538,8069365,,
4749004,17323054,,
4778745,4319395,,
4780707,15683275,,
4785242,2935198,,
4901087,18133444,,
4966994,16578252,,
4983938,12336493,,
4985759,9291474,,
4985759,4620453,,
4991243,8227502,,
5033480,5700090,,
5053417,16188942,,
5080991,10959064,,
5091874,9287906,,
5118060,15605987,,
5169587,4228119,,
5186443,4346154,,
5261424,4679139,,
5289042,9291938,,
5291791,8199671,,
5322337,6219781,,
5327961,11184236,,
5395823,11524047,,
5453333,13803032,,
5474852,17591442,,
5484314,12746220,,
5577650,13358515,,
5657004,5134110,,
5671303,8696919,,
5675990,15688523,,
5678582,17658943,,
5679304,8689148,,
5680013,17658978,,
5681132,7574701,,
5684940,7982324,,
5688091,5038920,,
5689639,5855343,,
5690425,19010160,,
5691934,3862443,,
5704424,3166745,,
5708994,17654617,,
5744058,4128002,,
5744502,1805406,,
5745110,4127926,,
5745929,16617920,,
5747036,20443544,,
5750884,20443420,,
5754346,3764792,,
5755261,2846555,,
5760480,4127096,,
5762666,17777259,,
5763407,10945111,,
5764924,10947427,,
5767836,20443505,,
5769582,9753418,,
5865628,10287315,,
5870071,4144377,,
5874480,17058350,,
5902352,5936935,,
5937084,8850802,KC,
5938794,8310955,,
5959820,8943485,,
5963873,4101621,,
6011278,9288827,,
6298455,6193472,,
6445994,3436420,,
6446394,5462159,,
6451332,3538129,,
6494274,13986583,,
6494382,2963280,,
6572414,13081886,,
6591182,6597872,,
6604203,2670619,,
6623049,17654634,,
6623089,17897230,,
6633635,9241349,,
6723364,10198121,,
6729443,17937991,,
6978585,5869204,,
7005145,7590264,,
7005184,7569260,,
7025064,8161142,,
7025831,5782947,,
7026287,7980369,,
21136945,17654638,,
7053966,4214582,,
7055857,4241237,,
7056904,17176927,,
7057730,4017464,,
7057894,6611894,,
7058243,15478720,,
7092086,4876704,,
7092417,8246750,,
7107433,8253413,,
7130033,5996485,,
7168356,11714576,,
7187384,3664102,KC Thermo B,
7198338,8245869,,
7227010,16115575,,
7283193,18163015,,
7335439,5500958,,
7338309,17352470,,
7388340,15606239,,
7394271,8231264,,
7439913,15934458,,
7476468,3762787,,
7515491,11279244,,
7540581,5516552,,
7557604,3276003,,
7582412,2776773,,
7582489,7977834,,
7694589,8271034,,
7700444,16910799,,
7802210,16797672,,
7843730,8140109,,
7845346,8245513,,
7851153,8245146,,
7852250,8247451,,
7864823,8245014,,
7865652,8248631,,
7865696,8252067,,
7865767,8243455,,
7873135,8245692,,
7901791,2506050,,
7910624,7897469,,
7916593,8256186,,
7939890,6557581,,
7939979,8198317,,
7941642,8198513,,
7941652,8198416,,
7952981,8717219,,
7982896,8177199,,
7983899,7616956,,
8012953,8254894,,
8021456,13589251,,
8025665,6190181,,
8037197,17822238,,
8047280,7587948,,
8052161,4152272,,
8069432,8542422,,
8078096,4514494,,
8102935,7600311,,
8111135,7555968,,
8118474,4229950,KC Thermo A,
8118929,2775943,,
8118947,14077615,,
8142831,17655000,,
8154054,858479,,
8167696,7429933,,
8203947,17952967,,
8216541,4541081,,
8238322,11210000,,
8253620,18639459,,
8262302,5051342,KC,
16630941,5835799,KC,
8262372,8068173,KC LON,
8274021,11051276,,
8276782,4119387,,
8293958,3869488,,
8311264,8198238,,
8338584,4230749,,
8340950,8270683,,
8347613,8349553,,
8347720,18302610,,
8347907,5503982,,
8348277,18302665,,
8357933,13764822,,
8399890,4651929,,
8423405,11137808,,
8480221,4324898,,
8509534,16515871,,
8529400,7449767,,
8582134,8469124,,
8639662,13046354,,
8687096,9643439,,
8689674,8319311,,
8700125,7897051,,
8700125,8480418,,maybe not the perfect duplicate
8704079,16735586,,
8755914,8741619,,
8765298,10682411,,
8798010,4195012,,
8801715,19092010,,
8801736,6049565,,
8802069,4665627,,
8809171,18187865,,
8810141,12422355,,
8814524,17340973,,
8838927,17107661,,
8864778,9767705,,
8864785,4617479,,
8877158,10163418,,
8877971,3806573,,
8884212,19143114,,
8922644,8297018,,
8974428,9294475,,
8993049,17867309,,
9006142,5783868,,
9015745,9583435,,
9048462,10612630,,
9051960,17813006,,
9057998,14214039,,
9061235,13836327,,
9062992,8792477,,
9064208,5934511,,
9072237,4201020,,
9078240,7688300,,
9083312,14077179,,
9109799,9074101,,
9141404,16691937,,
9154024,16947349,,
9201911,17591687,,
9207332,8305958,,
9235545,17435815,,
9236708,9212816,,
9237370,3726990,,
9237734,15800115,,
9238937,9103732,,
9239759,9034378,,
9251793,4190567,,
9252296,4201555,,
9348984,2772093,,
9351843,17990556,,
9372642,9842000,,
9384504,5935744,,
9408003,6061068,,
9409359,3913620,,
9421292,5507096,,
9423829,9057043,,
9424902,3027876,,
9428865,13674287,,
9429085,17247877,,
9436520,20536322,,
9445876,4102413,,
9447255,16295025,,
9480916,9077224,,
9481869,14762026,,
9488991,5585799,,
9503414,13950464,,
9503428,10343101,,
9508724,17541953,,
9524538,11946903,,
9527333,13210358,,
9527522,14083681,,
9567051,9539868,,
9577562,17132009,,
9589146,7503199,,
9594273,16934932,,
9612903,17535542,,
9714476,16709072,,
9739780,3182103,,
9747418,4127707,,
9787592,13191017,,
9787933,867393,,
9792178,2920061,,
9795662,15250080,,
9800031,17980698,,
9822593,15023987,,
9842383,6219445,,
9870483,12935696,,
9927082,7874184,,
9940382,8124177,,
9961098,4311241,,
9965610,8132513,,
9971209,8812078,,
9983417,17658884,,
10017804,2660767,,
10017931,6978516,,
10017661,11460897,,
10017944,16913476,,
10018150,17379298,,
10018161,17379360,,
10018260,17379372,,
10100020,1868538,,
10160250,3450751,,
10202724,5480553,,
10209260,17437719,,
10229852,16347283,,
10234576,19090042,,
10237401,5858788,,
10238739,5893912,,
10240382,5895651,,
10248031,17380319,,
10281116,10351681,,
10282065,5946241,,
10317031,2504517,,
10323628,8370111,,
10329208,3561724,,
10345590,15048530,,
10378182,16713231,,
10382686,16100103,,
10382824,17297936,,
10400440,18264509,,
10411574,17379420,,
10418394,2260755,,
10427055,17437725,,
10447988,16540741,,
10449035,17658948,,
10459723,13535380,,
10473853,16355225,,
10523825,17455871,,
10527147,7573476,,
10540188,8932110,,
10543751,11464638,,
10553248,8496618,,
10555409,5247102,,
10563755,13535387,,
10568310,2667980,,
10581624,13564607,,
10583715,11306294,,
10596949,13411445,,
10600188,8571259,,
10609443,6114695,,
10612094,12122924,,
10658673,13045287,,
10682660,16856539,,
10702736,14206030,,
10710503,18142558,,
10714526,2911847,,
10716080,3595837,,
10728318,3598000,,
10728323,2655798,,
10728328,18464581,,
10728333,13557064,,
10756813,2648254,,
10758204,2650887,,
10760217,2669331,,
10766722,16450562,,
10792336,5163599,,
10792617,11278919,,
10797407,14760757,,
10809383,5321459,,
10842047,14914182,,
10842099,10882750,,
10865025,4116174,,
10872426,8572353,,
21300466,18644088,,
10875625,4067286,,
10880408,10875178,,
10885466,12548756,,
10893103,9720614,,
10915553,11905911,,
10918898,4228105,,
10921106,16388736,,
10922020,17123466,,
10922928,3149791,,
10955244,11248536,,
10958210,17671375,,
10964258,17357979,,
10982951,8697453,,
11003551,17913199,,
11003660,16594509,,
11003707,17525174,,
11004239,8069478,,
11007420,16884962,,
11009492,17304269,,
11011058,2667061,,
11013351,11909406,,
11013583,17589475,,
11017761,16178283,,
11018254,15480928,,
11022546,17663944,,
11027071,3010486,,
11037238,7719118,,
11051740,7421507,,
11067379,4393049,,
11073313,16347476,,
11079069,10986253,,
11084320,8461082,,
11123016,4152020,,
11135340,11645541,,
11144258,9800178,,
11146422,19276024,,
11157622,17036132,,
11192283,6254216,,
11193510,3930411,,
11195708,13968203,,
11216417,8451818,,
11217208,5993001,,
11229136,17529547,,
11257084,7612147,,
11263687,6692908,,
11286854,8942413,,
11291653,8412625,,
11303036,15823055,,
11329998,13365464,,
11333054,17884299,,
11348509,3765735,,
11389855,16484888,,
11409587,17019327,,
11468088,4188325,,
11600886,7980189,,
11625573,18545747,,
11639192,10059655,,
11656349,16297403,,
11687072,18425189,,
11691603,4444354,KC,
11703922,16181377,,
11717001,10683313,,
11717014,21591037,,
11717025,8413543,,
11717030,9606496,,
11719626,20278329,,
11725127,4230061,KC,
11725803,8066542,KC,
16627838,8413663,KC,
11756023,20344845,,
11782821,3913613,,
11821320,6220384,,
11841664,5856647,,
11853038,12842593,,
11871574,11102156,,
11876076,15674282,,
11908619,8318813,,
11934107,3844961,,
11934261,15633329,,
12000033,9750356,,
12089601,11838242,,
12121795,11788830,,
12138418,8310087,,
12195879,20443598,,
12225666,4327684,,
12233237,11528017,,
12252572,16651566,,
12262910,5738449,,
12279909,8471817,,
12279941,17328632,,
12281339,9585013,,
12293334,13405613,,
12299621,8034919,,
12299647,11624548,,
12299704,10768709,,
12299805,7422595,,
12300089,10827212,,
12325227,9507904,,
12356747,19857573,,
12360656,17819985,,
12364717,11356523,,
12366224,19857577,,
12366640,17897298,,
12367135,16666673,,
12367568,12884490,,
12387154,8723267,,
12389097,15674269,,
12390459,19989037,,
12398622,4103336,,
12420377,13242252,,
12420898,5162462,,
12424940,5971400,,
12425856,13173311,,
12452356,6250655,,
12475432,3890028,,
12476851,16070049,,
12478620,16318521,,
12479019,5560620,,
12498338,3913629,,
12500843,13242336,,
12509506,16841026,,
12551020,14756061,,
12585379,13768622,,
12587013,9015568,,
12598741,15706875,,
12612426,2568522,,
12617396,3844799,,
12634154,2357110,,
12654063,12990900,,
12667895,17425996,,
12670738,17847543,,
12745771,2914206,,
12782494,15585114,,
12789813,16405545,,
12832017,19091931,,
12839441,17125520,,
12840470,10495502,,
12866697,11465297,,
12868041,17340931,,
12869029,13953356,,
12871993,4884579,,
12882387,7563413,,
12923749,10663559,,
12935706,16852421,,
12948470,9275210,,
13028455,4142619,,
13197236,8075484,,
13199414,11234536,,
13206239,8847957,,
13313410,16586265,,
13370624,14756440,,
13380660,14517691,,
13395814,17756162,,
13422280,7589765,,
13714311,8710444,,
13718916,15673454,,
13736919,17877682,,
13743125,17854345,,
13749806,14034206,,
13818467,17813001,,
13830600,16057212,,
13832416,5591201,,
13833814,16316981,,
13849557,6143930,,
13852833,9457719,,
13854190,5476653,,
13966828,3707204,,
13988443,8539175,,
14000746,16699958,,
14034311,5976168,,
14071449,13953546,,
14071613,4411542,,
14073503,5669107,,
14082322,7840791,,
14133114,17166682,,
14158399,17784367,,
14162492,2854715,,
14241490,16924423,,
14260575,16987409,,
14270761,9103710,,
14313750,11889676,,
14319185,8565131,,
14319498,17942676,,
14333371,2932028,,
14333495,13858797,,
14338439,8805777,,
14342744,15618614,,
14434314,13369670,,
14437742,3806652,,
14450919,18220289,,
14451162,17278502,,
14461238,18292832,,
14492757,14656798,,
14493841,11361875,,
14514597,13986477,,
14519756,7467027,,
14539753,12962772,,
14540633,4473922,,
14541927,4235139,,
14570370,13724377,,
14579509,13835439,,
14586769,19048289,,
14617508,14680483,,
14621584,17355864,,
14638686,11891098,,
14651659,13760954,,
14655602,15672269,,
14659793,6651098,,
14723506,17850822,,
14726012,9091922,,
14726069,5805651,,
14756000,13634759,,
14782250,3235409,,
14797760,15679639,,
14818307,3932136,,
14891367,5771934,,
14898816,4230739,KC,
16039470,4241192,KC,
14981128,9039416,,
14995061,16629886,,
14999928,4591713,,
15023806,9845997,,
15028907,11362589,,
15055590,14492880,,
15063529,17326213,,
15096548,13841523,,
15253921,4598109,,
15343835,4114133,,
15365184,5512988,,
15398730,6703240,,
15421363,3299214,,
15431408,16714214,,
15468308,17330632,,
15474790,12928099,,
15488316,8540770,,
15510288,6300434,,
15512408,4917442,,
15514582,8826198,,
15516413,5816138,,
15517247,16335254,,
15519213,5791548,,
15522152,15548844,,
15524629,15736398,,
15525711,9068346,,
15525794,9069084,,
15539984,8271875,,
15541971,5734134,,
15547235,17036160,,
15566333,15568333,,
15568134,5973097,,
15571194,3234817,,
15576292,17384874,,
15577444,5656152,,
15586914,16176721,,
15586949,3180681,,
15587533,11029851,,
15588620,7594047,,
15588711,10945795,,
15590793,17378548,,
15592096,16240569,,
15594113,15590555,,
15605301,15607335,,
15608355,6252764,,
15608953,15632120,,
15612283,8912726,,
15623649,20443457,,
15629759,2659504,,
15632282,16884085,,
15639216,15639331,,
15639294,7571966,,
15668309,17165711,,
15669682,17658672,,
15676016,3058132,,
15686444,15638932,,
15689046,8979434,,
15718981,1591270,,
15722867,9609048,KC,
15722990,9604434,,
15741865,6290724,,
15766806,13863331,,
15770140,12049797,,
15770867,855719,,
15792643,15610774,,
15810983,6699205,,
15825861,10944822,,
15825892,3765728,,
15897280,2669844,,
15974183,15662776,,
15985265,17827115,,
15995958,18080008,,
16007457,8840343,,
16014607,3122533,,
16026677,14495367,,
16045758,10684539,,
16051878,8951591,,
16059078,4130960,,
16087799,2775707,,
16089738,9641919,,
16089743,10340880,,
16095576,20370716,,
16098538,8670503,,
16100461,8711574,,
16141217,13722516,,
16160495,8814922,,
16167914,13834125,,
16223537,8980589,,
16259595,8246081,,
16316916,5592307,,
16327998,17173852,,
16340977,18232369,,
16342197,12031406,,
16345627,16671014,,
16348875,15601640,,
16356967,10319019,,
16361363,13953184,,
16366055,17654645,,
16383966,7371184,,
16385470,18098174,,
16386470,17013169,,
16409132,17896997,,
16415910,9116228,,
16422727,20443571,,
16422744,15589591,,
16424131,13167025,,
16427492,4180774,,
16428373,5369028,,
16431065,17587710,,
16433696,19132527,,
16434560,17328580,,
16434824,17355860,,
16435325,8995807,,
16435686,18861011,,
16442113,3814175,,
16444548,7807684,,
16444552,16339645,,
16444754,9072560,,
16444758,17762417,,
16445073,15481779,,
16445338,16350988,,
16464284,8184598,,
16468935,10781924,,
16472086,16433177,,
16474159,9291437,,
16475849,16823703,,
16485518,9621307,,
16486385,11178891,,
16490014,1141813,,
16492104,10617840,,
16494105,4108720,,
16541149,10079731,,
16544462,4515496,,
16544485,17937123,,
16544712,5730322,,
16545101,4812481,,
16545113,15732503,,
16545179,14501257,,
16545264,5164129,,
16547252,13003574,,
16547268,15732485,,
16547281,13722900,,
16547287,5167842,,
16547292,15732497,,
16547297,15589738,,
16554856,18570360,,
16560178,9068024,,
16561224,6702943,,
16561284,17173922,,
16562142,15894278,,
16588928,17355892,,
16594752,9530532,,
16629788,7786053,KC,
16630264,5836163,KC,
16630479,17012001,,
16635345,5859372,,
16636860,11623145,,
16637377,7962986,,
16667592,16950550,,
16675987,13646473,,
16676038,13645610,,
16683883,5956787,,
16683943,7530253,,
16686371,15431795,,
16693923,17654967,,
16713227,17659014,,
16742642,8546775,,
16753901,14328512,,
16782830,9469519,,
16799809,16369928,,
16799939,15676571,,
16838915,8544824,,
16846805,18028397,,
16848475,17980792,,
16848497,9798791,,
16848587,14753815,,
16851496,16339338,,
16851718,9097065,,
16851791,16340461,,
16852589,6610913,,
16852622,16950767,,
16856369,4185530,,
16856617,16561429,,
16868923,17013073,,
16883909,4234009,,
16886842,10784285,,
16906721,5590611,,
16928740,15560623,,
16931001,8709865,,
16933362,4234016,,
16935790,11359482,,
16937395,9519425,,
16937799,17654991,,
16937815,13411525,,
16950097,4847079,,
16950115,6609380,,
16950121,4849988,,
16950321,4127911,,
16952642,6155577,,
16952648,5900426,,
16952671,6154200,,
16952691,5052370,,
16959698,17658907,,
16961482,10403609,,
16977881,9796812,KC,
16058860,11813287,KC,
16978882,14127447,,
16985194,15068806,,
16992171,17356024,,
17000062,17755491,,
17016974,4022539,,
17022668,12474164,,
17038587,8065771,,
17047087,7431625,,
17053270,5319633,,
17062823,16393165,,
17075832,14039007,,
17086412,17362538,,
17087885,17324711,,
17102002,1065967,,
17105218,9067063,,
17105842,13849274,,
17105977,8970595,,
17108278,9051500,,
17109286,6653450,,
17110007,6188181,,
17110024,9037152,,
17110189,6182848,,
17140424,9753530,,
17147698,8094859,,
17150791,8712361,,
17165286,13046847,,
17165621,9422291,,
17165755,13727202,,
17170215,10660512,,
17176767,17176781,,
17176808,17176819,,
17176866,17176882,,
17176911,4575178,,
17177005,8019816,,
17177103,17177115,,
17177419,4227880,,
17223643,3251140,,
17223685,8880781,,
17237305,14948339,,
17244655,17360593,,
17276867,6611100,,
17277623,10013517,,
17280216,4337398,,
17295912,16353832,,
17300165,9848760,,
17306107,6111289,,
17315288,5326407,,
17321919,4215611,,
17340955,15605297,,
17352824,13137623,,
17354392,15636958,,
17354414,3021609,,
17355745,16158918,,
17355757,15617305,,
17356442,16443509,,
17356450,17355872,,
17356454,2557644,,
17356467,20242957,,
17358864,13842372,,
17358891,19190681,,
17359101,865151,,
17359111,16316973,,
17359133,869360,,
17359501,13763548,,
17360010,15638906,,
17360022,9565674,,
17360030,15636411,,
17360034,17378455,,
17360038,17378483,,
17360042,15656223,,
9718223,9856062,,not great match because one is only partially differentiated
17360070,15656826,,
17360076,15655801,,
17360254,4393350,,
17360262,14758420,,
17360266,14755393,,
17360282,14754777,,
17360286,17360225,,
17360296,14757992,,
17360404,4390116,,
17361757,12813847,,
17373283,10339991,,
17383431,9532295,,
17414715,8247641,,
17420035,8705088,,
17423125,5559657,,
17423412,13038489,,
17430685,20106468,,
17434825,16485079,,
17448356,13675374,,
17454636,15467736,,
17473163,16571210,,
17484564,17335266,,
17513284,17361566,,
17557290,10946002,,
17639784,17438424,,
17641913,13429045,,
17696578,16260741,,
17728571,10221622,,
17728605,16463097,,
17728632,17327188,,
17728695,10367190,,
17728723,13084891,,
17728730,17629213,,
17728781,13644685,,
17728922,9234420,,
17729020,15684934,,
17729088,9637388,,
17729110,16399845,,
17729161,8313802,,
17729167,17324637,,
17729195,5545085,,
17729347,20479904,,
17729410,9161929,,
17729424,8821758,,
17729888,17658927,,
17729973,10870424,,
17732031,11081239,,
17732076,17378475,,
17732085,8698941,,
17732256,17656886,,
17732270,6125806,,
17732291,17659219,,
17732311,5995125,,
17732334,16347786,,
17732346,17378648,,
17732791,15334461,,
17736755,15964206,,
17740547,13580849,,
17743170,13858824,,
17746794,18720819,,
17769815,16690648,,
17776906,4101295,,
17776982,6554358,,
17777981,16685117,,
17804729,11050498,,
17809869,17654519,,
17813457,17083341,,
17813499,10785260,,
17814107,10167116,,
17844900,18598859,,
17927604,11605567,,
17951049,10263287,,
17962513,8842220,,
17975547,15018449,,
18023286,9753494,,
18035063,17937986,,
18035864,4411688,,
18058644,8939384,,
18058793,14588375,,
18062678,7065182,,
18076102,17654514,,
18087179,17587452,,
18088813,17660233,,
18099401,5975584,,
18111410,4876839,,
18123575,17543765,,
18149325,14757050,,
18267838,4173633,,
18305433,17587730,,
18305476,13007383,,
18412747,17336347,,
18440675,12335381,,
18485293,17647621,,
18500915,16846902,,
18500988,14334367,,
18501001,1805669,,
18527962,19508873,,
18538744,11362334,,
18551732,8161148,,
18566361,16471422,,
18566501,15588389,,
18568094,17941609,,
18597845,15553218,,
18648531,13665529,,
18656202,18655517,,
18740553,3814635,,
19017386,8127390,,
19045334,9585036,,
19051762,17913032,,
19054481,17351780,,
19088042,8717042,,
19091995,18302931,,
19101351,3848843,,
19166349,13167730,,
19175973,4227831,,
19268007,13411394,,
19298625,16154290,,
19298644,17537254,,
19361427,16950354,,
19395500,8559525,,
19470184,3732322,,
19611917,8138616,,
19785305,9094797,,
19880680,9806510,,
19880740,16223688,,
19881737,2505266,,
19884188,10945581,,
19919566,1137946,,
19929273,20479959,,
20139548,17380345,,
20151537,12474815,,
20172310,9521722,,
20981350,8715940,,
20343986,2881070,,
20379247,17658602,,
20421224,17466463,,
20556072,17025508,,
20730780,9202326,,
11986594,6218461,,
14329745,19786464,,
7527710,4073353,,
2611805,2582391,,
40045,3954014,,
3592997,3865952,,
3768025,2584838,,
3708875,3872653,,
3465659,3840345,,
3464773,3827211,,
3410499,2608843,,
3716797,3963891,,
5090549,3813723,,
3694515,3896629,,
3771794,7658146,,
6340439,4076389,,
3158543,7719547,,
6791927,3790004,,
7542938,3885215,,
3774568,3980315,,
3547397,2571761,,
3410506,3893195,,
3511996,3958234,,
5617164,10963761,A2,
8005609,10852875,A2,
4363883,5382876,A3,
9835169,9503203,A4,
3795424,11291344,A5,
7340629,7331555,A6,
19017854,19037563,A4,
7012280,4061049,A5,
16911458,12178825,A6,
19120772,891237,A7,
3608397,3650600,,
3639968,18630153,,
3609202,3487306,,
18929470,6700147,,
8391330,5993765,,
17777031,15672263,,
17736641,20911955,,
4926999,21664445,,
17729335,8592501,,
3797420,5558724,,
5768240,1805418,,
5746180,20443501,,
7955278,12026822,,
17353986,18604097,,
16561660,13652117,,
10355356,5898284,,
15513540,5790355,,
15512404,5786898,,
16952665,6154921,,
11029359,3232277,,
16096934,13049485,,
17732737,2663649,,
20981306,2842451,,
17574013,9085808,,
19835787,17380309,,
11197975,7692008,,
17729418,5523203,,
3882998,11261332,,
19102929,15668869,,
21220994,8229118,,
11003696,3167039,,
2379529,3815483,,
15005403,15894178,,
15680043,15680292,,
17067625,16340011,,
12371688,9811608,,
16059134,10725068,,
17354403,12030078,,
12273754,17654624,,
12424328,16457812,,
16863538,20443362,,
19051631,8193545,,
17224013,14759661,,
17464168,8641784,,
16595001,21591033,,
16670540,16950443,,
15632371,15673715,,
15524852,9060993,,
16501652,10877689,,
8273369,4247099,,
5030808,10831005,,
8877795,3805641,,
7934904,7935088,,
9119558,10990803,,
11105182,10158972,,
17545695,14154154,,
3736500,16621864,,
3486950,4700182,,
3712893,11543212,,
16795838,16795524,,
17015609,8790590,,
16972043,4507955,,
12199095,17435678,,
8349454,1591351,,
17096642,16751955,,
16340998,8007556,,
7313896,8135412,,
3622234,3420915,,
11525714,12805363,,
1980134,7982307,,
9787859,11941255,,
3991518,9747710,,
17732426,12989453,,incomplete
12740290,2432564,,
16283590,17588623,,not a great match
2910892,2885630,,
17736654,20911961,,
21133456,18341449,,
11717040,21590962,,
18106257,17031293,,
8398900,1869592,,
11717020,8954310,,not a great match
16851577,16950798,,
8723983,16115255,,
4663875,11271082,,
16444544,8981761,,
5778133,21590958,,
5712849,3166836,,
20981321,2878185,,
17933822,3163105,,
10961507,3232808,,
17468727,4127938,,
17360014,9698907,,
20812872,10739296,,
11717045,21590978,,
16014701,16574328,,
18695745,17587734,,
12736001,15155348,,
17736748,17639824,,
10358617,17298108,,left side incomplete
17732071,18909888,,left side severely damaged
17827011,17654973,,
8070872,12422147,,
20316708,19167389,,
16667306,16520950,,
11717035,21591317,,not a great match
17165429,9513911,,
4874953,5469039,,
2138427,5038703,,
5615961,5601924,,
11105182,10158972,,
7796832,9771412,A1,
17399735,7880001,A1,
4595609,19120853,A1,
9768166,9772513,A1,
986460,10110672,A1,
10110270,3786734,A1,
10290529,10273502,A1,
7790597,7746883,A1,
7801255,7628068,A1,
159280,6276557,A1,
162293,7577773,A1,
7763691,7694722,A1,
8031834,7686464,A1,
7764785,7732444,A1,
3040481,4049878,A1,
10179501,3091943,A1,
3041612,3074106,A1,
3034133,3282869,A1,
16232990,10515937,A1,
11455472,8257672,A1,
11207386,10891221,A1,
10929797,8198913,A1,
11207649,10891544,A1,
8152399,10860792,A1,
16311532,12529994,A1,
4524495,4101812,A1,
7792781,2777891,A1,
7783764,10053734,A1,
10492185,13124815,A1,
8419064,14493979,A1,
16311520,7636004,A1,
4050398,16042164,A1,
12140925,7019050,A1,
7924478,12787696,A1,
4113533,4936149,A1,
5084467,16226512,A1,
3995976,17872154,A1,
7769237,4219827,A1,
4123145,4038469,A1,
11106522,10312570,A1,
9544992,6811349,A1,
13004884,15199830,A1,
6578062,15233041,A1,
14046279,14046294,A1,
7992966,14858626,A1,
4071032,12953345,A1,
14866842,18145093,A1,
12820178,14866379,A1,
18769231,7855488,A1,
2798040,5057361,A1,
4715415,8371225,A1,
4778439,3546334,A1,
3546835,2637812,A1,
5904833,5297998,A1,
10089193,16257962,A1,
8215466,5392778,A1,
12704772,12683525,A1,
10273060,11982072,A1,
5309932,10855206,A1,
4302562,3180525,A1,
4728865,4541716,A1,
5772346,5185729,A1,
4740178,4833168,A1,
18418512,17435371,A1,incomplete
8235049,15264419,A1,
4542822,4478328,A1,
11208232,10907355,A1,
12039793,5452198,A1,
10152437,6896580,A1,
13331383,4725907,A1,
10949382,16945771,A1,
11024782,4228864,A1,
4555763,5108525,A1,
8421329,8039617,A1,
12809923,8234099,A1,
7876385,8198957,A1,
16337850,10017183,A1,
4975387,4839570,A1,
8057753,10949030,A1,
4060628,6755064,A1,
8059283,14913093,A1,
5343578,7184082,A1,
5358138,4978454,A1,
10220679,18468751,A1,
10054666,16330265,A1,
4081479,5336476,A1,
4538738,4729046,A1,
5132886,5997121,A1,
6330796,12244514,A1,
4928976,7823087,A1,
6299908,10247731,A1,
17269708,9747432,A1,
10021175,12292579,A1,
5078760,16690920,A1,incomplete
13258642,17071666,A1,
10219170,10499711,A1,
7934159,4124563,A1,
9976875,8257688,A1,
7862356,16014849,A1,
16278807,16014834,A1,
12705004,8899200,A1,
12809152,12873722,A1,
16066985,14046245,A1,
17904627,10015769,A1,
15504369,15504376,A1,
15571023,12944478,A1,
4213417,10004243,A1,
17114293,10017073,A1,
13095126,10492059,A1,
13671419,6195521,A1,
6207232,4096366,A1,
7782409,7683669,A1,
7195651,4824878,A1,
10804041,7683401,A1,
2123422,2784471,A1,
6263055,6412532,A1,
8196192,8095561,A1,
11466247,12990250,A1,
11928389,13775274,A1,
8095967,18120415,A1,
20901073,20901068,A1,axon split simplification
4028114,4535767,A1,
4326468,4881629,A1,
14085813,14047554,A1,
8026224,14047760,A1,
14087339,14047945,A1,
14088451,10013402,A1,
10678017,14046720,A1,
19111930,14194703,A1,
14045016,14206438,A1,
14203725,14048538,A1,
19139253,14045489,A1,
14199031,6970942,A1,
14086309,16181494,A1,
16433395,5085455,A1,
6467481,16713121,A1,
4042315,4102728,A1,
4289773,4121534,A1,
4524871,4397287,A1,
4326520,4101976,A1,
5899328,14048876,A1,
14044614,14199565,A1,
14522404,13774384,A1,
13058240,13057994,A1,
14194234,14087107,A1,incomplete
4274364,4382895,A1,
14088149,14045854,A1,
14047130,14048287,A1,
10649843,4488976,A1,
14238008,14194026,A1,
4289745,16314353,A1,
4271519,3641568,A1,
12042425,4728120,A1,
12040460,16119910,A1,
918889,18684928,A1,
4039711,4538613,A1,
4990880,10053304,A1,
10858401,4034528,A1,
12809976,7280270,A1,
10474936,11958584,A1,
4386719,12036009,A1,
16009772,10929871,A1,
12468812,4102844,A1,
6535161,5690362,A1,
12070159,15344242,A1,
4206755,7124156,A1,
1767828,4139768,A1,
4394777,4829813,A1,
12820277,5298032,A1,
10299625,4850409,A1,
10642320,4991402,A1,
4542433,4727546,A1,
18425292,4070588,A1,
4730042,16515841,A1,
14046479,14046486,A1,
10090269,15290335,A1,
10223572,10398171,A1,
7808341,10227539,A1,
14949489,16322359,A1,
7867016,15094230,A1,
7772437,12140587,A1,
14046464,14046472,A1,
14238231,14198375,A1,
722935,16312925,A1,
12960217,6280151,A1,incomplete
16229844,16312904,A1,
16311589,15518548,A1,
12960079,15551560,A1,
11353332,10908551,A1,
16009864,16009971,A1,
5131639,17962981,A1,
16311502,7633929,A1,
8265467,5297622,A1,incomplete
12874044,17077347,A1,
10058316,4113595,A1,
12873914,17077342,A1,
12820085,12834795,A1,
3804108,5350411,A1,
7855607,14829351,A1,
19242617,10133525,A1,
19820800,15101511,A1,
7944660,5584761,A1,very incomplete
3220616,16278312,A1,
10140573,18144322,A1,
20395646,17210906,A1,incomplete
18458734,13775497,A1,
18509063,11057449,A1,
15560233,15895346,A1,
8644484,14531828,A1,
13522678,5351821,A1,
12044223,15351228,A1,
6570401,8263821,A1,
8688631,4543281,A1,
12014775,10498094,A1,
16272893,16268751,A1,
16531827,16042066,A1,
6931770,11060026,A1,
17435009,19919758,A1,
3504632,11988252,A1,
10380647,13122290,A1,
1100936,4789092,A1,
16504350,11064947,A1,
7807080,7236899,A1,
11186471,12147878,A1,
12998937,14938436,A1,incomplete
14966092,15199884,A1,incomplete
3564452,3571478,A1,
12820537,19806174,A1,incomplete
5606265,19718010,A1,incomplete
4717729,16080562,A2,
14642308,7076835,A1,incomplete
12469990,10104463,A1,
3720037,5206247,T2,
2511238,3093284,A4,
2816457,2619565,A5,
1042538,1690576,A6,
16068602,7636333,A1,
7783303,4094905,A1,
4467735,4102120,A1,
4280992,17346787,A1,
7766016,10937355,A1,
21250110,9640873,A1,
15315491,15556861,A1,
16303262,7627878,A1,
11874130,10868477,A1,
3709977,13789482,SEZ,
12156009,7020344,SEZ,
2610744,3985829,sensory,
5093516,4023881,sensory,
8055671,5448622,sensory,
15698623,15594123,sensory,
15714330,15638742,sensory,
15700147,15743905,sensory,
15714173,15671481,sensory,
3652587,3822523,sensory,
5186461,9853425,sensory,
3586984,3966683,sensory,
5116147,4017089,sensory,
5088293,4097554,sensory,
5057916,16115501,sensory,
5120097,4096703,sensory,
5120990,4044654,sensory,
5095269,4030526,sensory,
5116861,4059758,sensory,
4338596,15652529,sensory,
4338596,15652529,sensory,
15716701,15556868,sensory,
15716309,15736147,sensory,
15717426,8810739,sensory,
9808022,15658013,sensory,
15673925,15615776,sensory,
15716934,15746421,sensory,
15714639,15595950,sensory,
15715151,15653927,sensory,
15674083,15611791,sensory,
15677030,15656435,sensory,
15714845,15615475,sensory,
15730680,15618756,sensory,
15678833,3562954,sensory,
15679577,18625446,sensory,
15674262,15556081,sensory,
15689373,15588691,sensory,
15716127,3071301,sensory,
18934019,15609885,sensory,
15677323,15653288,sensory,
15680093,10934438,sensory,
15680710,15629355,sensory,
15715796,15606918,sensory,
15678441,15611642,sensory,
15690392,15615305,sensory,
15678849,15618976,sensory,
15712024,15620606,sensory,
15679484,15610387,sensory,
15690711,15762568,sensory,
15717229,15629241,sensory,
15711289,18679889,sensory,
15690955,15617459,sensory,
15711222,15607180,sensory,
15675901,15615877,sensory,
15713374,15620432,sensory,
15713206,15629888,sensory,
3267019,15612241,sensory,
15699715,18833414,sensory,
19180425,15609427,sensory,"not great match, one incomplete"
15690093,15615042,sensory,
15688358,15588800,sensory,
15681740,15589411,sensory,
15673867,15651438,sensory,
11736972,15595823,sensory,
15686512,15615081,sensory,
12073881,12253020,sensory,
12260696,15615589,sensory,
15716094,15589362,sensory,
15715643,16341399,sensory,
11745381,15653432,sensory,
15938337,15595607,sensory,
15727304,15672153,sensory,
15724520,15638520,sensory,
3036249,15672957,sensory,
15728017,15640567,sensory,
15725673,18785124,sensory,
15724175,15640724,sensory,
15730645,15914721,sensory,
3050645,15639548,sensory,
15725127,15637893,sensory,
15725545,15639275,sensory,
15724636,15671848,sensory,
15724385,15638968,sensory,
15723479,15640548,sensory,
3032520,15640425,sensory,
15717935,3123905,sensory,
7556564,15640893,sensory,
15718275,15645825,sensory,
15723727,15641926,sensory,
16288872,15639171,sensory,
3054101,3199456,sensory,
15717736,15639020,sensory,
17608754,16362243,sensory,
15995861,15445198,sensory,
15998913,15508475,sensory,
15998319,15594038,sensory,
1709802,15532105,sensory,similar to 15998753 pair
15998753,3192952,sensory,similar to 1709802 pair
1347886,7160160,sensory,
15996160,15533421,sensory,
15998899,15605657,sensory,
1706716,15541976,sensory,
15997666,15508735,sensory,
1011675,15541944,sensory,
15997929,18620885,sensory,
15997692,15507888,sensory,
15995929,15506094,sensory,
15995404,15461769,sensory,
11671564,15522777,sensory,
7439909,15531033,sensory,
15998782,15531916,sensory,
15998469,16341507,sensory,
2284021,2456826,sensory,
13744425,2340336,sensory,
15770032,3556191,sensory,
1367171,15559195,sensory,
1405493,15548694,sensory,
40152,15573396,sensory,
15996271,15505837,sensory,
1715990,15573331,sensory,
15997807,15398807,sensory,
15997645,15592696,sensory,
15998817,15530882,sensory,
15998261,15451084,sensory,
15996518,3795498,sensory,
15998768,15525858,sensory,
15998307,15573283,sensory,
15590761,15409328,sensory,
15997983,15434200,sensory,
15998100,15458316,sensory,
15998218,16341966,sensory,
15984797,15564661,sensory,
1427012,15547732,sensory,
1415168,945309,sensory,
15766999,18231999,sensory,
15995327,15748726,sensory,
17380936,15542354,sensory,these four are not very distinguishable
15984231,15567466,sensory,these four are not very distinguishable
15994926,15576194,sensory,these four are not very distinguishable
15983225,15587166,sensory,these four are not very distinguishable
15770945,17951153,sensory,
7424178,15564882,sensory,
9820270,15574328,sensory,
15982306,15569561,sensory,
1435466,15546924,sensory,
15770904,15543394,sensory,
15983156,16442344,sensory,"not great match, one incomplete"
1375101,6883831,sensory,
15769680,15575327,sensory,
1432836,15564782,sensory,
1414206,15564807,sensory,
1392771,15563553,sensory,
1398253,15574199,sensory,
15769419,15548107,sensory,
1395971,15574231,sensory,
1377586,15562137,sensory,
1406463,15573450,sensory,
1391179,15573381,sensory,
1400725,15561413,sensory,
9838294,15586536,sensory,
1428271,15572414,sensory,
1429969,15543068,sensory,
1431256,9716858,sensory,
1351125,15564911,sensory,not great match
1419315,15575232,sensory,not great match
3915835,5638694,sensory,